--------------------------------------------------------
--  File created - Monday-March-09-2015   
--------------------------------------------------------
DROP TABLE "BOOK";
DROP TABLE "CUSTOMFIELD";
DROP TABLE "CUSTOMFIELDDATA";
DROP TABLE "DEPT";
DROP TABLE "EMP";
DROP TABLE "ENTITYFIELDMAP";
DROP TABLE "ENTITYMASTER";
--------------------------------------------------------
--  DDL for Table BOOK
--------------------------------------------------------
    --------------------------------------------------------
--  DDL for Sequence BOOK_SEQ
--------------------------------------------------------

   CREATE SEQUENCE  "BOOK_SEQ"  MINVALUE 1 MAXVALUE 9999999999999999999999999999 INCREMENT BY 1 START WITH 1 NOCACHE  NOORDER  NOCYCLE ;
--------------------------------------------------------
--  DDL for Sequence CUSTOMFIELD_SEQ
--------------------------------------------------------

   CREATE SEQUENCE  "CUSTOMFIELD_SEQ"  MINVALUE 1 MAXVALUE 9999999999999999999999999999 INCREMENT BY 1 START WITH 1 NOCACHE  NOORDER  NOCYCLE ;
--------------------------------------------------------
--  DDL for Sequence CUSTOMFIELDDATA_SEQ
--------------------------------------------------------

   CREATE SEQUENCE  "CUSTOMFIELDDATA_SEQ"  MINVALUE 1 MAXVALUE 9999999999999999999999999999 INCREMENT BY 1 START WITH 1 NOCACHE  NOORDER  NOCYCLE ;
--------------------------------------------------------
--  DDL for Sequence EMP_SEQ
--------------------------------------------------------

   CREATE SEQUENCE  "EMP_SEQ"  MINVALUE 1 MAXVALUE 9999999999999999999999999999 INCREMENT BY 1 START WITH 1 NOCACHE  NOORDER  NOCYCLE ;
--------------------------------------------------------
--  DDL for Sequence ENTITY_SEQ
--------------------------------------------------------

   CREATE SEQUENCE  "ENTITY_SEQ"  MINVALUE 1 MAXVALUE 9999999999999999999999999999 INCREMENT BY 1 START WITH 1 NOCACHE  NOORDER  NOCYCLE ;
--------------------------------------------------------
--  DDL for Sequence ENTITYFIELDMAP_SEQ
--------------------------------------------------------

   CREATE SEQUENCE  "ENTITYFIELDMAP_SEQ"  MINVALUE 1 MAXVALUE 9999999999999999999999999999 INCREMENT BY 1 START WITH 1 NOCACHE  NOORDER  NOCYCLE ;

----------------------------------------------------------



  CREATE TABLE "BOOK" 
   (	"ID" NUMBER(10,0), 
	"NAME" VARCHAR2(100 BYTE), 
	"AUTHOR" VARCHAR2(100 BYTE)
   ) SEGMENT CREATION IMMEDIATE 
  PCTFREE 10 PCTUSED 40 INITRANS 1 MAXTRANS 255 NOCOMPRESS LOGGING
  STORAGE(INITIAL 65536 NEXT 1048576 MINEXTENTS 1 MAXEXTENTS 2147483645
  PCTINCREASE 0 FREELISTS 1 FREELIST GROUPS 1 BUFFER_POOL DEFAULT FLASH_CACHE DEFAULT CELL_FLASH_CACHE DEFAULT)
  TABLESPACE "USERS" ;
--------------------------------------------------------
--  DDL for Table CUSTOMFIELD
--------------------------------------------------------

  CREATE TABLE "CUSTOMFIELD" 
   (	"FIELDID" NUMBER(10,0), 
	"FIELDNAME" VARCHAR2(100 BYTE), 
	"DESCRIPTION" VARCHAR2(200 BYTE), 
	"TYPE" VARCHAR2(20 BYTE), 
	"LENGTH" NUMBER(3,0), 
	"ISACTIVE" CHAR(1 BYTE) DEFAULT 'N', 
	"CREATED_DATETM" DATE DEFAULT SYSDATE, 
	"UPDATED_DATETM" DATE DEFAULT SYSDATE
   ) SEGMENT CREATION IMMEDIATE 
  PCTFREE 10 PCTUSED 40 INITRANS 1 MAXTRANS 255 NOCOMPRESS LOGGING
  STORAGE(INITIAL 65536 NEXT 1048576 MINEXTENTS 1 MAXEXTENTS 2147483645
  PCTINCREASE 0 FREELISTS 1 FREELIST GROUPS 1 BUFFER_POOL DEFAULT FLASH_CACHE DEFAULT CELL_FLASH_CACHE DEFAULT)
  TABLESPACE "USERS" ;
--------------------------------------------------------
--  DDL for Table CUSTOMFIELDDATA
--------------------------------------------------------

  CREATE TABLE "CUSTOMFIELDDATA" 
   (	"CUSTOMFIELDDATAID" NUMBER(20,0), 
	"MAPID" NUMBER(10,0), 
	"ENTITYTXNID" VARCHAR2(20 BYTE), 
	"VALUE" VARCHAR2(20 BYTE), 
	"CREATED_DATETM" DATE DEFAULT SYSDATE, 
	"UPDATED_DATETM" DATE DEFAULT SYSDATE
   ) SEGMENT CREATION IMMEDIATE 
  PCTFREE 10 PCTUSED 40 INITRANS 1 MAXTRANS 255 NOCOMPRESS LOGGING
  STORAGE(INITIAL 65536 NEXT 1048576 MINEXTENTS 1 MAXEXTENTS 2147483645
  PCTINCREASE 0 FREELISTS 1 FREELIST GROUPS 1 BUFFER_POOL DEFAULT FLASH_CACHE DEFAULT CELL_FLASH_CACHE DEFAULT)
  TABLESPACE "USERS" ;
--------------------------------------------------------
--  DDL for Table DEPT
--------------------------------------------------------

  CREATE TABLE "DEPT" 
   (	"DEPTNO" NUMBER(2,0), 
	"DNAME" VARCHAR2(14 BYTE), 
	"LOC" VARCHAR2(13 BYTE)
   ) SEGMENT CREATION IMMEDIATE 
  PCTFREE 10 PCTUSED 40 INITRANS 1 MAXTRANS 255 NOCOMPRESS LOGGING
  STORAGE(INITIAL 65536 NEXT 1048576 MINEXTENTS 1 MAXEXTENTS 2147483645
  PCTINCREASE 0 FREELISTS 1 FREELIST GROUPS 1 BUFFER_POOL DEFAULT FLASH_CACHE DEFAULT CELL_FLASH_CACHE DEFAULT)
  TABLESPACE "USERS" ;
--------------------------------------------------------
--  DDL for Table EMP
--------------------------------------------------------

  CREATE TABLE "EMP" 
   (	"EMPNO" NUMBER(4,0), 
	"ENAME" VARCHAR2(10 BYTE), 
	"JOB" VARCHAR2(9 BYTE), 
	"MGR" NUMBER(4,0), 
	"HIREDATE" DATE, 
	"SAL" NUMBER(7,2), 
	"COMM" NUMBER(7,2), 
	"DEPTNO" NUMBER(2,0)
   ) SEGMENT CREATION IMMEDIATE 
  PCTFREE 10 PCTUSED 40 INITRANS 1 MAXTRANS 255 NOCOMPRESS LOGGING
  STORAGE(INITIAL 65536 NEXT 1048576 MINEXTENTS 1 MAXEXTENTS 2147483645
  PCTINCREASE 0 FREELISTS 1 FREELIST GROUPS 1 BUFFER_POOL DEFAULT FLASH_CACHE DEFAULT CELL_FLASH_CACHE DEFAULT)
  TABLESPACE "USERS" ;
--------------------------------------------------------
--  DDL for Table ENTITYFIELDMAP
--------------------------------------------------------

  CREATE TABLE "ENTITYFIELDMAP" 
   (	"MAPID" NUMBER(10,0), 
	"ENTITYID" NUMBER(5,0), 
	"FIELDID" NUMBER(10,0), 
	"ISACTIVE" CHAR(1 BYTE), 
	"CREATED_DATETM" DATE DEFAULT SYSDATE, 
	"UPDATED_DATETM" DATE DEFAULT SYSDATE
   ) SEGMENT CREATION IMMEDIATE 
  PCTFREE 10 PCTUSED 40 INITRANS 1 MAXTRANS 255 NOCOMPRESS LOGGING
  STORAGE(INITIAL 65536 NEXT 1048576 MINEXTENTS 1 MAXEXTENTS 2147483645
  PCTINCREASE 0 FREELISTS 1 FREELIST GROUPS 1 BUFFER_POOL DEFAULT FLASH_CACHE DEFAULT CELL_FLASH_CACHE DEFAULT)
  TABLESPACE "USERS" ;
--------------------------------------------------------
--  DDL for Table ENTITYMASTER
--------------------------------------------------------

  CREATE TABLE "ENTITYMASTER" 
   (	"ENTITYID" NUMBER(10,0), 
	"NAME" VARCHAR2(255 BYTE), 
	"DESCRIPTION" VARCHAR2(200 BYTE), 
	"CREATED_DATETM" DATE DEFAULT SYSDATE, 
	"UPDATED_DATETM" DATE DEFAULT SYSDATE
   ) SEGMENT CREATION IMMEDIATE 
  PCTFREE 10 PCTUSED 40 INITRANS 1 MAXTRANS 255 NOCOMPRESS LOGGING
  STORAGE(INITIAL 65536 NEXT 1048576 MINEXTENTS 1 MAXEXTENTS 2147483645
  PCTINCREASE 0 FREELISTS 1 FREELIST GROUPS 1 BUFFER_POOL DEFAULT FLASH_CACHE DEFAULT CELL_FLASH_CACHE DEFAULT)
  TABLESPACE "USERS" ;
REM INSERTING into BOOK
SET DEFINE OFF;
Insert into BOOK (ID,NAME,AUTHOR) values (BOOK_SEQ.nextval,'Test3','Author3');
Insert into BOOK (ID,NAME,AUTHOR) values (BOOK_SEQ.nextval,'Book1','Author5');
Insert into BOOK (ID,NAME,AUTHOR) values (BOOK_SEQ.nextval,'Book2','Author2');
Insert into BOOK (ID,NAME,AUTHOR) values (BOOK_SEQ.nextval,'Book New','New Author');
Insert into BOOK (ID,NAME,AUTHOR) values (BOOK_SEQ.nextval,'The Lifeboat','Rajesh Verma');
Insert into BOOK (ID,NAME,AUTHOR) values (BOOK_SEQ.nextval,'The Lifeboat Revised','Rajesh Verma');
Insert into BOOK (ID,NAME,AUTHOR) values (BOOK_SEQ.nextval,'Test4','Author4');
Insert into BOOK (ID,NAME,AUTHOR) values (BOOK_SEQ.nextval,'The Code Book','Himanshu Shekhar');
REM INSERTING into CUSTOMFIELD
SET DEFINE OFF;
Insert into CUSTOMFIELD (FIELDID,FIELDNAME,DESCRIPTION,TYPE,LENGTH,ISACTIVE,CREATED_DATETM,UPDATED_DATETM) values (CUSTOMFIELD_SEQ.nextval,'PUBLISHER','Publisher','VARCHAR2',50,'Y',to_date('26-FEB-15','DD-MON-RR'),to_date('26-FEB-15','DD-MON-RR'));
Insert into CUSTOMFIELD (FIELDID,FIELDNAME,DESCRIPTION,TYPE,LENGTH,ISACTIVE,CREATED_DATETM,UPDATED_DATETM) values (CUSTOMFIELD_SEQ.nextval,'PUBLISH_DATE','Publishing Date','DATE',20,'Y',to_date('26-FEB-15','DD-MON-RR'),to_date('26-FEB-15','DD-MON-RR'));
Insert into CUSTOMFIELD (FIELDID,FIELDNAME,DESCRIPTION,TYPE,LENGTH,ISACTIVE,CREATED_DATETM,UPDATED_DATETM) values (CUSTOMFIELD_SEQ.nextval,'LANGUAGE','Book Language','VARCHAR2',50,'Y',to_date('26-FEB-15','DD-MON-RR'),to_date('26-FEB-15','DD-MON-RR'));
Insert into CUSTOMFIELD (FIELDID,FIELDNAME,DESCRIPTION,TYPE,LENGTH,ISACTIVE,CREATED_DATETM,UPDATED_DATETM) values (CUSTOMFIELD_SEQ.nextval,'RELIGION','Religion','VARCHAR2',20,'Y',to_date('23-FEB-15','DD-MON-RR'),to_date('23-FEB-15','DD-MON-RR'));
Insert into CUSTOMFIELD (FIELDID,FIELDNAME,DESCRIPTION,TYPE,LENGTH,ISACTIVE,CREATED_DATETM,UPDATED_DATETM) values (CUSTOMFIELD_SEQ.nextval,'LOCATION','Location of Employment','VARCHAR2',50,'Y',to_date('23-FEB-15','DD-MON-RR'),to_date('23-FEB-15','DD-MON-RR'));
Insert into CUSTOMFIELD (FIELDID,FIELDNAME,DESCRIPTION,TYPE,LENGTH,ISACTIVE,CREATED_DATETM,UPDATED_DATETM) values (CUSTOMFIELD_SEQ.nextval,'DOB','Date of Birth','DATE',null,'Y',to_date('23-FEB-15','DD-MON-RR'),to_date('23-FEB-15','DD-MON-RR'));
REM INSERTING into CUSTOMFIELDDATA
SET DEFINE OFF;
Insert into CUSTOMFIELDDATA (CUSTOMFIELDDATAID,MAPID,ENTITYTXNID,VALUE,CREATED_DATETM,UPDATED_DATETM) values (customfielddata_seq.nextval,1,'4','Rupa Publication',to_date('07-MAR-15','DD-MON-RR'),to_date('07-MAR-15','DD-MON-RR'));
Insert into CUSTOMFIELDDATA (CUSTOMFIELDDATAID,MAPID,ENTITYTXNID,VALUE,CREATED_DATETM,UPDATED_DATETM) values (customfielddata_seq.nextval,2,'4','12-FEB-15',to_date('07-MAR-15','DD-MON-RR'),to_date('07-MAR-15','DD-MON-RR'));
Insert into CUSTOMFIELDDATA (CUSTOMFIELDDATAID,MAPID,ENTITYTXNID,VALUE,CREATED_DATETM,UPDATED_DATETM) values (customfielddata_seq.nextval,3,'4','English',to_date('07-MAR-15','DD-MON-RR'),to_date('07-MAR-15','DD-MON-RR'));
Insert into CUSTOMFIELDDATA (CUSTOMFIELDDATAID,MAPID,ENTITYTXNID,VALUE,CREATED_DATETM,UPDATED_DATETM) values (customfielddata_seq.nextval,1,'5','RupaPub',to_date('08-MAR-15','DD-MON-RR'),to_date('08-MAR-15','DD-MON-RR'));
Insert into CUSTOMFIELDDATA (CUSTOMFIELDDATAID,MAPID,ENTITYTXNID,VALUE,CREATED_DATETM,UPDATED_DATETM) values (customfielddata_seq.nextval,1,'6','Not Publisher',to_date('08-MAR-15','DD-MON-RR'),to_date('08-MAR-15','DD-MON-RR'));
Insert into CUSTOMFIELDDATA (CUSTOMFIELDDATAID,MAPID,ENTITYTXNID,VALUE,CREATED_DATETM,UPDATED_DATETM) values (customfielddata_seq.nextval,1,'1','New Publisher',to_date('26-FEB-15','DD-MON-RR'),to_date('26-FEB-15','DD-MON-RR'));
Insert into CUSTOMFIELDDATA (CUSTOMFIELDDATAID,MAPID,ENTITYTXNID,VALUE,CREATED_DATETM,UPDATED_DATETM) values (customfielddata_seq.nextval,2,'1','18-NOV-14',to_date('26-FEB-15','DD-MON-RR'),to_date('26-FEB-15','DD-MON-RR'));
Insert into CUSTOMFIELDDATA (CUSTOMFIELDDATAID,MAPID,ENTITYTXNID,VALUE,CREATED_DATETM,UPDATED_DATETM) values (customfielddata_seq.nextval,3,'1','German',to_date('05-MAR-15','DD-MON-RR'),to_date('05-MAR-15','DD-MON-RR'));
Insert into CUSTOMFIELDDATA (CUSTOMFIELDDATAID,MAPID,ENTITYTXNID,VALUE,CREATED_DATETM,UPDATED_DATETM) values (customfielddata_seq.nextval,1,'3','Publisher3',to_date('26-FEB-15','DD-MON-RR'),to_date('26-FEB-15','DD-MON-RR'));
Insert into CUSTOMFIELDDATA (CUSTOMFIELDDATAID,MAPID,ENTITYTXNID,VALUE,CREATED_DATETM,UPDATED_DATETM) values (customfielddata_seq.nextval,2,'3','29-SEP-14',to_date('26-FEB-15','DD-MON-RR'),to_date('26-FEB-15','DD-MON-RR'));
Insert into CUSTOMFIELDDATA (CUSTOMFIELDDATAID,MAPID,ENTITYTXNID,VALUE,CREATED_DATETM,UPDATED_DATETM) values (customfielddata_seq.nextval,1,'2','New Publisher',to_date('26-FEB-15','DD-MON-RR'),to_date('26-FEB-15','DD-MON-RR'));
Insert into CUSTOMFIELDDATA (CUSTOMFIELDDATAID,MAPID,ENTITYTXNID,VALUE,CREATED_DATETM,UPDATED_DATETM) values (customfielddata_seq.nextval,2,'2','18-FEB-15',to_date('26-FEB-15','DD-MON-RR'),to_date('26-FEB-15','DD-MON-RR'));
Insert into CUSTOMFIELDDATA (CUSTOMFIELDDATAID,MAPID,ENTITYTXNID,VALUE,CREATED_DATETM,UPDATED_DATETM) values (customfielddata_seq.nextval,3,'2','English',SYSDATE,SYSDATE);
Insert into CUSTOMFIELDDATA (CUSTOMFIELDDATAID,MAPID,ENTITYTXNID,VALUE,CREATED_DATETM,UPDATED_DATETM) values (customfielddata_seq.nextval,1,'7','New Publisher',SYSDATE,SYSDATE);
Insert into CUSTOMFIELDDATA (CUSTOMFIELDDATAID,MAPID,ENTITYTXNID,VALUE,CREATED_DATETM,UPDATED_DATETM) values (customfielddata_seq.nextval,2,'7','18-FEB-15',SYSDATE,SYSDATE);
Insert into CUSTOMFIELDDATA (CUSTOMFIELDDATAID,MAPID,ENTITYTXNID,VALUE,CREATED_DATETM,UPDATED_DATETM) values (customfielddata_seq.nextval,3,'7','English',SYSDATE,SYSDATE);

REM INSERTING into DEPT
SET DEFINE OFF;
Insert into DEPT (DEPTNO,DNAME,LOC) values (10,'ACCOUNTING','NEW YORK');
Insert into DEPT (DEPTNO,DNAME,LOC) values (20,'RESEARCH','DALLAS');
Insert into DEPT (DEPTNO,DNAME,LOC) values (30,'SALES','CHICAGO');
Insert into DEPT (DEPTNO,DNAME,LOC) values (40,'OPERATIONS','BOSTON');
REM INSERTING into EMP
SET DEFINE OFF;
Insert into EMP (EMPNO,ENAME,JOB,MGR,HIREDATE,SAL,COMM,DEPTNO) values (EMP_SEQ.nextval,'SMITH','CLERK',13,to_date('17-DEC-80','DD-MON-RR'),800,null,20);
Insert into EMP (EMPNO,ENAME,JOB,MGR,HIREDATE,SAL,COMM,DEPTNO) values (EMP_SEQ.nextval,'ALLEN','SALESMAN',6,to_date('20-FEB-81','DD-MON-RR'),1600,300,30);
Insert into EMP (EMPNO,ENAME,JOB,MGR,HIREDATE,SAL,COMM,DEPTNO) values (EMP_SEQ.nextval,'WARD','SALESMAN',6,to_date('22-FEB-81','DD-MON-RR'),1250,500,30);
Insert into EMP (EMPNO,ENAME,JOB,MGR,HIREDATE,SAL,COMM,DEPTNO) values (EMP_SEQ.nextval,'JONES','MANAGER',9,to_date('02-APR-81','DD-MON-RR'),2975,null,20);
Insert into EMP (EMPNO,ENAME,JOB,MGR,HIREDATE,SAL,COMM,DEPTNO) values (EMP_SEQ.nextval,'MARTIN','SALESMAN',6,to_date('28-SEP-81','DD-MON-RR'),1250,1400,30);
Insert into EMP (EMPNO,ENAME,JOB,MGR,HIREDATE,SAL,COMM,DEPTNO) values (EMP_SEQ.nextval,'BLAKE','MANAGER',9,to_date('01-MAY-81','DD-MON-RR'),2850,null,30);
Insert into EMP (EMPNO,ENAME,JOB,MGR,HIREDATE,SAL,COMM,DEPTNO) values (EMP_SEQ.nextval,'CLARK','MANAGER',9,to_date('09-JUN-81','DD-MON-RR'),2450,null,10);
Insert into EMP (EMPNO,ENAME,JOB,MGR,HIREDATE,SAL,COMM,DEPTNO) values (EMP_SEQ.nextval,'SCOTT','ANALYST',4,to_date('19-APR-87','DD-MON-RR'),3000,null,20);
Insert into EMP (EMPNO,ENAME,JOB,MGR,HIREDATE,SAL,COMM,DEPTNO) values (EMP_SEQ.nextval,'KING','PRESIDENT',null,to_date('17-NOV-81','DD-MON-RR'),5000,null,10);
Insert into EMP (EMPNO,ENAME,JOB,MGR,HIREDATE,SAL,COMM,DEPTNO) values (EMP_SEQ.nextval,'TURNER','SALESMAN',6,to_date('08-SEP-81','DD-MON-RR'),1500,0,30);
Insert into EMP (EMPNO,ENAME,JOB,MGR,HIREDATE,SAL,COMM,DEPTNO) values (EMP_SEQ.nextval,'ADAMS','CLERK',8,to_date('23-MAY-87','DD-MON-RR'),1100,null,20);
Insert into EMP (EMPNO,ENAME,JOB,MGR,HIREDATE,SAL,COMM,DEPTNO) values (EMP_SEQ.nextval,'JAMES','CLERK',6,to_date('03-DEC-81','DD-MON-RR'),950,null,30);
Insert into EMP (EMPNO,ENAME,JOB,MGR,HIREDATE,SAL,COMM,DEPTNO) values (EMP_SEQ.nextval,'FORD','ANALYST',4,to_date('03-DEC-81','DD-MON-RR'),3000,null,20);
Insert into EMP (EMPNO,ENAME,JOB,MGR,HIREDATE,SAL,COMM,DEPTNO) values (EMP_SEQ.nextval,'MILLER','CLERK',7,to_date('23-JAN-82','DD-MON-RR'),1300,null,10);
REM INSERTING into ENTITYFIELDMAP
SET DEFINE OFF;
Insert into ENTITYFIELDMAP (MAPID,ENTITYID,FIELDID,ISACTIVE,CREATED_DATETM,UPDATED_DATETM) values (CUSTOMFIELD_SEQ.nextval,1,1,'Y',to_date('26-FEB-15','DD-MON-RR'),to_date('26-FEB-15','DD-MON-RR'));
Insert into ENTITYFIELDMAP (MAPID,ENTITYID,FIELDID,ISACTIVE,CREATED_DATETM,UPDATED_DATETM) values (CUSTOMFIELD_SEQ.nextval,1,2,'Y',to_date('26-FEB-15','DD-MON-RR'),to_date('26-FEB-15','DD-MON-RR'));
Insert into ENTITYFIELDMAP (MAPID,ENTITYID,FIELDID,ISACTIVE,CREATED_DATETM,UPDATED_DATETM) values (CUSTOMFIELD_SEQ.nextval,1,3,'Y',to_date('26-FEB-15','DD-MON-RR'),to_date('26-FEB-15','DD-MON-RR'));
Insert into ENTITYFIELDMAP (MAPID,ENTITYID,FIELDID,ISACTIVE,CREATED_DATETM,UPDATED_DATETM) values (CUSTOMFIELD_SEQ.nextval,3,4,'Y',to_date('23-FEB-15','DD-MON-RR'),to_date('23-FEB-15','DD-MON-RR'));
Insert into ENTITYFIELDMAP (MAPID,ENTITYID,FIELDID,ISACTIVE,CREATED_DATETM,UPDATED_DATETM) values (CUSTOMFIELD_SEQ.nextval,3,5,'Y',to_date('23-FEB-15','DD-MON-RR'),to_date('23-FEB-15','DD-MON-RR'));
Insert into ENTITYFIELDMAP (MAPID,ENTITYID,FIELDID,ISACTIVE,CREATED_DATETM,UPDATED_DATETM) values (CUSTOMFIELD_SEQ.nextval,3,6,'Y',to_date('23-FEB-15','DD-MON-RR'),to_date('23-FEB-15','DD-MON-RR'));
REM INSERTING into ENTITYMASTER
SET DEFINE OFF;
Insert into ENTITYMASTER (ENTITYID,NAME,DESCRIPTION,CREATED_DATETM,UPDATED_DATETM) values (entity_seq.nextval,'BOOK','Details of Book',to_date('26-FEB-15','DD-MON-RR'),to_date('26-FEB-15','DD-MON-RR'));
Insert into ENTITYMASTER (ENTITYID,NAME,DESCRIPTION,CREATED_DATETM,UPDATED_DATETM) values (entity_seq.nextval,'DEPT','Details of Department',to_date('26-FEB-15','DD-MON-RR'),to_date('26-FEB-15','DD-MON-RR'));
Insert into ENTITYMASTER (ENTITYID,NAME,DESCRIPTION,CREATED_DATETM,UPDATED_DATETM) values (entity_seq.nextval,'EMP','Employee Details',to_date('23-FEB-15','DD-MON-RR'),to_date('23-FEB-15','DD-MON-RR'));
--------------------------------------------------------
--  DDL for Index CUSTOMFIELD_PK
--------------------------------------------------------

  CREATE UNIQUE INDEX "CUSTOMFIELD_PK" ON "CUSTOMFIELD" ("FIELDID") 
  PCTFREE 10 INITRANS 2 MAXTRANS 255 COMPUTE STATISTICS 
  STORAGE(INITIAL 65536 NEXT 1048576 MINEXTENTS 1 MAXEXTENTS 2147483645
  PCTINCREASE 0 FREELISTS 1 FREELIST GROUPS 1 BUFFER_POOL DEFAULT FLASH_CACHE DEFAULT CELL_FLASH_CACHE DEFAULT)
  TABLESPACE "USERS" ;
--------------------------------------------------------
--  DDL for Index PK_DEPT
--------------------------------------------------------

  CREATE UNIQUE INDEX "PK_DEPT" ON "DEPT" ("DEPTNO") 
  PCTFREE 10 INITRANS 2 MAXTRANS 255 COMPUTE STATISTICS 
  STORAGE(INITIAL 65536 NEXT 1048576 MINEXTENTS 1 MAXEXTENTS 2147483645
  PCTINCREASE 0 FREELISTS 1 FREELIST GROUPS 1 BUFFER_POOL DEFAULT FLASH_CACHE DEFAULT CELL_FLASH_CACHE DEFAULT)
  TABLESPACE "USERS" ;
--------------------------------------------------------
--  DDL for Index PK_EMP
--------------------------------------------------------

  CREATE UNIQUE INDEX "PK_EMP" ON "EMP" ("EMPNO") 
  PCTFREE 10 INITRANS 2 MAXTRANS 255 COMPUTE STATISTICS 
  STORAGE(INITIAL 65536 NEXT 1048576 MINEXTENTS 1 MAXEXTENTS 2147483645
  PCTINCREASE 0 FREELISTS 1 FREELIST GROUPS 1 BUFFER_POOL DEFAULT FLASH_CACHE DEFAULT CELL_FLASH_CACHE DEFAULT)
  TABLESPACE "USERS" ;
--------------------------------------------------------
--  DDL for Index ENTITYFIELDMAP_PK
--------------------------------------------------------

  CREATE UNIQUE INDEX "ENTITYFIELDMAP_PK" ON "ENTITYFIELDMAP" ("MAPID") 
  PCTFREE 10 INITRANS 2 MAXTRANS 255 COMPUTE STATISTICS 
  STORAGE(INITIAL 65536 NEXT 1048576 MINEXTENTS 1 MAXEXTENTS 2147483645
  PCTINCREASE 0 FREELISTS 1 FREELIST GROUPS 1 BUFFER_POOL DEFAULT FLASH_CACHE DEFAULT CELL_FLASH_CACHE DEFAULT)
  TABLESPACE "USERS" ;
--------------------------------------------------------
--  DDL for Index ENTITY_PK
--------------------------------------------------------

  CREATE UNIQUE INDEX "ENTITY_PK" ON "ENTITYMASTER" ("ENTITYID") 
  PCTFREE 10 INITRANS 2 MAXTRANS 255 COMPUTE STATISTICS 
  STORAGE(INITIAL 65536 NEXT 1048576 MINEXTENTS 1 MAXEXTENTS 2147483645
  PCTINCREASE 0 FREELISTS 1 FREELIST GROUPS 1 BUFFER_POOL DEFAULT FLASH_CACHE DEFAULT CELL_FLASH_CACHE DEFAULT)
  TABLESPACE "USERS" ;
--------------------------------------------------------
--  Constraints for Table BOOK
--------------------------------------------------------

  ALTER TABLE "BOOK" MODIFY ("ID" NOT NULL ENABLE);
--------------------------------------------------------
--  Constraints for Table CUSTOMFIELD
--------------------------------------------------------

  ALTER TABLE "CUSTOMFIELD" ADD CONSTRAINT "CUSTOMFIELD_PK" PRIMARY KEY ("FIELDID")
  USING INDEX PCTFREE 10 INITRANS 2 MAXTRANS 255 COMPUTE STATISTICS 
  STORAGE(INITIAL 65536 NEXT 1048576 MINEXTENTS 1 MAXEXTENTS 2147483645
  PCTINCREASE 0 FREELISTS 1 FREELIST GROUPS 1 BUFFER_POOL DEFAULT FLASH_CACHE DEFAULT CELL_FLASH_CACHE DEFAULT)
  TABLESPACE "USERS"  ENABLE;
  ALTER TABLE "CUSTOMFIELD" MODIFY ("CREATED_DATETM" NOT NULL ENABLE);
  ALTER TABLE "CUSTOMFIELD" MODIFY ("TYPE" NOT NULL ENABLE);
  ALTER TABLE "CUSTOMFIELD" MODIFY ("FIELDNAME" NOT NULL ENABLE);
  ALTER TABLE "CUSTOMFIELD" MODIFY ("FIELDID" NOT NULL ENABLE);
--------------------------------------------------------
--  Constraints for Table CUSTOMFIELDDATA
--------------------------------------------------------

  ALTER TABLE "CUSTOMFIELDDATA" MODIFY ("MAPID" NOT NULL ENABLE);
  ALTER TABLE "CUSTOMFIELDDATA" MODIFY ("CUSTOMFIELDDATAID" NOT NULL ENABLE);
--------------------------------------------------------
--  Constraints for Table DEPT
--------------------------------------------------------

  ALTER TABLE "DEPT" ADD CONSTRAINT "PK_DEPT" PRIMARY KEY ("DEPTNO")
  USING INDEX PCTFREE 10 INITRANS 2 MAXTRANS 255 COMPUTE STATISTICS 
  STORAGE(INITIAL 65536 NEXT 1048576 MINEXTENTS 1 MAXEXTENTS 2147483645
  PCTINCREASE 0 FREELISTS 1 FREELIST GROUPS 1 BUFFER_POOL DEFAULT FLASH_CACHE DEFAULT CELL_FLASH_CACHE DEFAULT)
  TABLESPACE "USERS"  ENABLE;
--------------------------------------------------------
--  Constraints for Table EMP
--------------------------------------------------------

  ALTER TABLE "EMP" ADD CONSTRAINT "PK_EMP" PRIMARY KEY ("EMPNO")
  USING INDEX PCTFREE 10 INITRANS 2 MAXTRANS 255 COMPUTE STATISTICS 
  STORAGE(INITIAL 65536 NEXT 1048576 MINEXTENTS 1 MAXEXTENTS 2147483645
  PCTINCREASE 0 FREELISTS 1 FREELIST GROUPS 1 BUFFER_POOL DEFAULT FLASH_CACHE DEFAULT CELL_FLASH_CACHE DEFAULT)
  TABLESPACE "USERS"  ENABLE;
--------------------------------------------------------
--  Constraints for Table ENTITYFIELDMAP
--------------------------------------------------------

  ALTER TABLE "ENTITYFIELDMAP" ADD CONSTRAINT "ENTITYFIELDMAP_PK" PRIMARY KEY ("MAPID")
  USING INDEX PCTFREE 10 INITRANS 2 MAXTRANS 255 COMPUTE STATISTICS 
  STORAGE(INITIAL 65536 NEXT 1048576 MINEXTENTS 1 MAXEXTENTS 2147483645
  PCTINCREASE 0 FREELISTS 1 FREELIST GROUPS 1 BUFFER_POOL DEFAULT FLASH_CACHE DEFAULT CELL_FLASH_CACHE DEFAULT)
  TABLESPACE "USERS"  ENABLE;
  ALTER TABLE "ENTITYFIELDMAP" MODIFY ("FIELDID" NOT NULL ENABLE);
  ALTER TABLE "ENTITYFIELDMAP" MODIFY ("ENTITYID" NOT NULL ENABLE);
  ALTER TABLE "ENTITYFIELDMAP" MODIFY ("MAPID" NOT NULL ENABLE);
--------------------------------------------------------
--  Constraints for Table ENTITYMASTER
--------------------------------------------------------

  ALTER TABLE "ENTITYMASTER" ADD CONSTRAINT "ENTITY_PK" PRIMARY KEY ("ENTITYID")
  USING INDEX PCTFREE 10 INITRANS 2 MAXTRANS 255 COMPUTE STATISTICS 
  STORAGE(INITIAL 65536 NEXT 1048576 MINEXTENTS 1 MAXEXTENTS 2147483645
  PCTINCREASE 0 FREELISTS 1 FREELIST GROUPS 1 BUFFER_POOL DEFAULT FLASH_CACHE DEFAULT CELL_FLASH_CACHE DEFAULT)
  TABLESPACE "USERS"  ENABLE;
  ALTER TABLE "ENTITYMASTER" MODIFY ("NAME" NOT NULL ENABLE);
  ALTER TABLE "ENTITYMASTER" MODIFY ("ENTITYID" NOT NULL ENABLE);
--------------------------------------------------------
--  Ref Constraints for Table EMP
--------------------------------------------------------

  ALTER TABLE "EMP" ADD CONSTRAINT "FK_DEPTNO" FOREIGN KEY ("DEPTNO")
	  REFERENCES "DEPT" ("DEPTNO") ENABLE;
--------------------------------------------------------
--  Ref Constraints for Table ENTITYFIELDMAP
--------------------------------------------------------

  ALTER TABLE "ENTITYFIELDMAP" ADD CONSTRAINT "ENTITYFIELDMAP_FK1" FOREIGN KEY ("ENTITYID")
	  REFERENCES "ENTITYMASTER" ("ENTITYID") ENABLE;
  ALTER TABLE "ENTITYFIELDMAP" ADD CONSTRAINT "ENTITYFIELDMAP_FK2" FOREIGN KEY ("FIELDID")
	  REFERENCES "CUSTOMFIELD" ("FIELDID") ENABLE;
    
    
